Name,Email,Phone,Address
John Smith,john.smith@example.com,555-0123,123 Main St
Jane Doe,jane.doe@example.com,555-0124,456 Oak Ave
Bob Johnson,bob.johnson@example.com,555-0125,789 Pine Rd
Dr. Irvin Russel,Loma86@yahoo.com,1-539-776-8949 x17598,137 N Poplar Street
Dustin Will,Effie_Collins80@hotmail.com,+18687011425,3329 Collins Estates
Aaron Keeling,Demond.Mertz@hotmail.com,+16969083175,970 Bode Forest
Bernice Cronin,Foster.Mertz54@gmail.com,+18799669364,898 Zboncak Branch
Jill Willms,Santina49@hotmail.com,+16566104777,68735 Clint Neck
Marta Satterfield,Kadin.Boyle18@gmail.com,+19502130742,798 Martin Luther King Boulevard
Milton Reinger,Chase_Yundt6@hotmail.com,+14287163707,858 Eldon Unions
Harry Mayert,Moises.Schiller@gmail.com,+12943575941,844 Avenue Road
Ms. Ginger Hammes-Heathcote,Zackary_Abshire@yahoo.com,+19202242252,9132 Frontage Road
Kelli Ratke DVM,Dangelo_Legros@yahoo.com,+18174875336,27736 Alvis Club
Traci Crooks,Berneice_Moore-Corwin@hotmail.com,+17444300138,243 Emelie River
Ms. Kari Kub,Roman55@yahoo.com,+14012811781,46842 Taryn Alley
Jeremiah Nikolaus II,Mariela.Shanahan30@yahoo.com,+13955836781,5088 Shanahan Rapids